moved_from,moved_to,bytes
reports\_dash.err,archive\2026-09-15_cleanup\probe_logs\_dash.err,0
reports\_dash.log,archive\2026-09-15_cleanup\probe_logs\_dash.log,184
reports\_fixed_run3.err,archive\2026-09-15_cleanup\probe_logs\_fixed_run3.err,0
reports\_fixed_run3.log,archive\2026-09-15_cleanup\probe_logs\_fixed_run3.log,7308
reports\_ml_fixed.err,archive\2026-09-15_cleanup\probe_logs\_ml_fixed.err,0
reports\_ml_fixed.log,archive\2026-09-15_cleanup\probe_logs\_ml_fixed.log,4151
reports\_o1.err,archive\2026-09-15_cleanup\probe_logs\_o1.err,1011
reports\_o1.log,archive\2026-09-15_cleanup\probe_logs\_o1.log,25
reports\_o10.log,archive\2026-09-15_cleanup\probe_logs\_o10.log,2871
reports\_o10run.log,archive\2026-09-15_cleanup\probe_logs\_o10run.log,5748
reports\_o11.log,archive\2026-09-15_cleanup\probe_logs\_o11.log,3902
reports\_o11run.log,archive\2026-09-15_cleanup\probe_logs\_o11run.log,7810
reports\_o2.err,archive\2026-09-15_cleanup\probe_logs\_o2.err,0
reports\_o2.log,archive\2026-09-15_cleanup\probe_logs\_o2.log,3101
reports\_o3.err,archive\2026-09-15_cleanup\probe_logs\_o3.err,0
reports\_o3.log,archive\2026-09-15_cleanup\probe_logs\_o3.log,2085
reports\_o4.err,archive\2026-09-15_cleanup\probe_logs\_o4.err,0
reports\_o4.log,archive\2026-09-15_cleanup\probe_logs\_o4.log,724
reports\_o5.json,archive\2026-09-15_cleanup\probe_logs\_o5.json,8707
reports\_o5.log,archive\2026-09-15_cleanup\probe_logs\_o5.log,4132
reports\_o5run.log,archive\2026-09-15_cleanup\probe_logs\_o5run.log,8270
reports\_o6.json,archive\2026-09-15_cleanup\probe_logs\_o6.json,67254
reports\_o6.log,archive\2026-09-15_cleanup\probe_logs\_o6.log,41579
reports\_o6run.log,archive\2026-09-15_cleanup\probe_logs\_o6run.log,83096
reports\_o7.log,archive\2026-09-15_cleanup\probe_logs\_o7.log,4176
reports\_o7run.log,archive\2026-09-15_cleanup\probe_logs\_o7run.log,8358
reports\_o8.log,archive\2026-09-15_cleanup\probe_logs\_o8.log,3717
reports\_o8run.log,archive\2026-09-15_cleanup\probe_logs\_o8run.log,7440
reports\_o9.log,archive\2026-09-15_cleanup\probe_logs\_o9.log,14705
reports\_o9run.log,archive\2026-09-15_cleanup\probe_logs\_o9run.log,29416
reports\_p4.err,archive\2026-09-15_cleanup\probe_logs\_p4.err,0
reports\_p4.log,archive\2026-09-15_cleanup\probe_logs\_p4.log,404
reports\_p5.err,archive\2026-09-15_cleanup\probe_logs\_p5.err,0
reports\_p5.log,archive\2026-09-15_cleanup\probe_logs\_p5.log,882
reports\_p6.err,archive\2026-09-15_cleanup\probe_logs\_p6.err,0
reports\_p6.log,archive\2026-09-15_cleanup\probe_logs\_p6.log,3712
reports\_p7.err,archive\2026-09-15_cleanup\probe_logs\_p7.err,0
reports\_p7.log,archive\2026-09-15_cleanup\probe_logs\_p7.log,2415
reports\_p8.err,archive\2026-09-15_cleanup\probe_logs\_p8.err,0
reports\_p8.log,archive\2026-09-15_cleanup\probe_logs\_p8.log,2132
reports\_p9.err,archive\2026-09-15_cleanup\probe_logs\_p9.err,986
reports\_p9.log,archive\2026-09-15_cleanup\probe_logs\_p9.log,0
reports\_rc.err,archive\2026-09-15_cleanup\probe_logs\_rc.err,0
reports\_rc.log,archive\2026-09-15_cleanup\probe_logs\_rc.log,111
reports\_rc2.err,archive\2026-09-15_cleanup\probe_logs\_rc2.err,0
reports\_rc2.log,archive\2026-09-15_cleanup\probe_logs\_rc2.log,127
reports\_rc3.err,archive\2026-09-15_cleanup\probe_logs\_rc3.err,0
reports\_rc3.log,archive\2026-09-15_cleanup\probe_logs\_rc3.log,2065
reports\_refscan.txt,archive\2026-09-15_cleanup\probe_logs\_refscan.txt,1324
reports\_rep1.txt,archive\2026-09-15_cleanup\probe_logs\_rep1.txt,3518
reports\_rep2.txt,archive\2026-09-15_cleanup\probe_logs\_rep2.txt,1672
reports\_sh.err,archive\2026-09-15_cleanup\probe_logs\_sh.err,0
reports\_sh.log,archive\2026-09-15_cleanup\probe_logs\_sh.log,3824
reports\_t1.txt,archive\2026-09-15_cleanup\probe_logs\_t1.txt,2852
reports\_t2.txt,archive\2026-09-15_cleanup\probe_logs\_t2.txt,4508
reports\_t3.txt,archive\2026-09-15_cleanup\probe_logs\_t3.txt,1958
reports\_t4.txt,archive\2026-09-15_cleanup\probe_logs\_t4.txt,2100
reports\_truebsp2.err,archive\2026-09-15_cleanup\probe_logs\_truebsp2.err,0
reports\_truebsp2.log,archive\2026-09-15_cleanup\probe_logs\_truebsp2.log,7161
reports\_truebsp_audit.err,archive\2026-09-15_cleanup\probe_logs\_truebsp_audit.err,0
reports\_truebsp_audit.log,archive\2026-09-15_cleanup\probe_logs\_truebsp_audit.log,7158
dump_cols.py,archive\2026-09-15_cleanup\root_legacy\dump_cols.py,217
gpt_coder.py,archive\2026-09-15_cleanup\root_legacy\gpt_coder.py,3450
rdb_cols.txt,archive\2026-09-15_cleanup\root_legacy\rdb_cols.txt,10857
.aider.chat.history.md,archive\2026-09-15_cleanup\root_legacy\.aider.chat.history.md,6490
.aider.input.history,archive\2026-09-15_cleanup\root_legacy\.aider.input.history,313
data\historical-races.generated.json,archive\2026-09-15_cleanup\data_generated\historical-races.generated.json,17397866
data\historical-races.sample.json,archive\2026-09-15_cleanup\data_generated\historical-races.sample.json,7196
data\prodb-flat-handicaps-recent.json,archive\2026-09-15_cleanup\data_generated\prodb-flat-handicaps-recent.json,368787456
data\prodb-flat-handicaps-small.json,archive\2026-09-15_cleanup\data_generated\prodb-flat-handicaps-small.json,5134568
data\prodb-flat-handicaps.json,archive\2026-09-15_cleanup\data_generated\prodb-flat-handicaps.json,355684352
data\excel_raw,archive\2026-09-15_cleanup\data_generated\excel_raw,9952665
launchers,archive\2026-09-15_cleanup\launchers,8909
scratch_cleanup.py,archive\2026-09-15_cleanup\scratch\scratch_cleanup.py,5225
scratch_dbcheck.py,archive\2026-09-15_cleanup\scratch\scratch_dbcheck.py,819
scratch_dbcheck2.py,archive\2026-09-15_cleanup\scratch\scratch_dbcheck2.py,1850
scratch_fix_manifest.py,archive\2026-09-15_cleanup\scratch\scratch_fix_manifest.py,2945
scratch_fix_readme.py,archive\2026-09-15_cleanup\scratch\scratch_fix_readme.py,4958
scratch_movement.py,archive\2026-09-15_cleanup\scratch\scratch_movement.py,1466
scratch_odds_probe.py,archive\2026-09-15_cleanup\scratch\scratch_odds_probe.py,837
scratch_odds_probe2.py,archive\2026-09-15_cleanup\scratch\scratch_odds_probe2.py,984
scratch_odds_probe3.py,archive\2026-09-15_cleanup\scratch\scratch_odds_probe3.py,1055
scratch_odds_probe4.py,archive\2026-09-15_cleanup\scratch\scratch_odds_probe4.py,1281
scratch_odds_probe5.py,archive\2026-09-15_cleanup\scratch\scratch_odds_probe5.py,5109
scratch_odds_probe6.py,archive\2026-09-15_cleanup\scratch\scratch_odds_probe6.py,5695
scratch_odds_probe7.py,archive\2026-09-15_cleanup\scratch\scratch_odds_probe7.py,4030
scratch_odds_probe8.py,archive\2026-09-15_cleanup\scratch\scratch_odds_probe8.py,3319
scratch_odds_probe9.py,archive\2026-09-15_cleanup\scratch\scratch_odds_probe9.py,5793
scratch_overround_debug.py,archive\2026-09-15_cleanup\scratch\scratch_overround_debug.py,3851
scratch_pkgs.py,archive\2026-09-15_cleanup\scratch\scratch_pkgs.py,235
scratch_rc_probe.py,archive\2026-09-15_cleanup\scratch\scratch_rc_probe.py,968
scratch_rc_probe2.py,archive\2026-09-15_cleanup\scratch\scratch_rc_probe2.py,1172
scratch_rc_probe3.py,archive\2026-09-15_cleanup\scratch\scratch_rc_probe3.py,1195
scratch_rc_probe4.py,archive\2026-09-15_cleanup\scratch\scratch_rc_probe4.py,790
scratch_rc_probe5.py,archive\2026-09-15_cleanup\scratch\scratch_rc_probe5.py,1125
scratch_rc_probe6.py,archive\2026-09-15_cleanup\scratch\scratch_rc_probe6.py,949
scratch_rc_probe7.py,archive\2026-09-15_cleanup\scratch\scratch_rc_probe7.py,990
scratch_rc_probe8.py,archive\2026-09-15_cleanup\scratch\scratch_rc_probe8.py,1048
scratch_rc_probe9.py,archive\2026-09-15_cleanup\scratch\scratch_rc_probe9.py,714
scratch_refscan.py,archive\2026-09-15_cleanup\scratch\scratch_refscan.py,1583
scratch_validate_paste.py,archive\2026-09-15_cleanup\scratch\scratch_validate_paste.py,5094
reports\_api,archive\2026-09-15_cleanup\probe_logs\_api,0
reports\_api2,archive\2026-09-15_cleanup\probe_logs\_api2,0
reports\_api3,archive\2026-09-15_cleanup\probe_logs\_api3,0
reports\_api4,archive\2026-09-15_cleanup\probe_logs\_api4,0
reports\_bb.err,archive\2026-09-15_cleanup\probe_logs\_bb.err,0
reports\_bb.log,archive\2026-09-15_cleanup\probe_logs\_bb.log,1863
reports\_bb2.err,archive\2026-09-15_cleanup\probe_logs\_bb2.err,0
reports\_bb2.log,archive\2026-09-15_cleanup\probe_logs\_bb2.log,1821
reports\_bb3.err,archive\2026-09-15_cleanup\probe_logs\_bb3.err,0
reports\_bb3.log,archive\2026-09-15_cleanup\probe_logs\_bb3.log,5901
reports\_bb4.err,archive\2026-09-15_cleanup\probe_logs\_bb4.err,0
reports\_bb4.log,archive\2026-09-15_cleanup\probe_logs\_bb4.log,6109
reports\_bb5.err,archive\2026-09-15_cleanup\probe_logs\_bb5.err,0
reports\_bb5.log,archive\2026-09-15_cleanup\probe_logs\_bb5.log,6072
reports\_bfsp_2021.err,archive\2026-09-15_cleanup\probe_logs\_bfsp_2021.err,656
reports\_bfsp_2021.log,archive\2026-09-15_cleanup\probe_logs\_bfsp_2021.log,2265
reports\_bfsp_ext.err,archive\2026-09-15_cleanup\probe_logs\_bfsp_ext.err,0
reports\_bfsp_ext.log,archive\2026-09-15_cleanup\probe_logs\_bfsp_ext.log,2928
reports\_bfsp_FINAL.err,archive\2026-09-15_cleanup\probe_logs\_bfsp_FINAL.err,656
reports\_bfsp_FINAL.log,archive\2026-09-15_cleanup\probe_logs\_bfsp_FINAL.log,44773
reports\_bfsp_full.err,archive\2026-09-15_cleanup\probe_logs\_bfsp_full.err,0
reports\_bfsp_full.log,archive\2026-09-15_cleanup\probe_logs\_bfsp_full.log,298
reports\_bfsp_full2.err,archive\2026-09-15_cleanup\probe_logs\_bfsp_full2.err,0
reports\_bfsp_full2.log,archive\2026-09-15_cleanup\probe_logs\_bfsp_full2.log,297
reports\_bfsp_full3.err,archive\2026-09-15_cleanup\probe_logs\_bfsp_full3.err,0
reports\_bfsp_full3.log,archive\2026-09-15_cleanup\probe_logs\_bfsp_full3.log,3597
reports\_bfsp_map.err,archive\2026-09-15_cleanup\probe_logs\_bfsp_map.err,656
reports\_bfsp_map.log,archive\2026-09-15_cleanup\probe_logs\_bfsp_map.log,738
reports\_bfsp_map2.err,archive\2026-09-15_cleanup\probe_logs\_bfsp_map2.err,656
reports\_bfsp_map2.log,archive\2026-09-15_cleanup\probe_logs\_bfsp_map2.log,939
reports\_bfsp_r3.err,archive\2026-09-15_cleanup\probe_logs\_bfsp_r3.err,656
reports\_bfsp_r3.log,archive\2026-09-15_cleanup\probe_logs\_bfsp_r3.log,2120
reports\_bfsp_test.err,archive\2026-09-15_cleanup\probe_logs\_bfsp_test.err,2253
reports\_bfsp_test.log,archive\2026-09-15_cleanup\probe_logs\_bfsp_test.log,297
reports\_bfsp_test2.err,archive\2026-09-15_cleanup\probe_logs\_bfsp_test2.err,656
reports\_bfsp_test2.log,archive\2026-09-15_cleanup\probe_logs\_bfsp_test2.log,523
reports\_cleanup_dry.txt,archive\2026-09-15_cleanup\probe_logs\_cleanup_dry.txt,33406
reports\_cleanup_go.txt,archive\2026-09-15_cleanup\probe_logs\_cleanup_go.txt,36056
reports\_FULL_truebsp.err,archive\2026-09-15_cleanup\probe_logs\_FULL_truebsp.err,0
reports\_FULL_truebsp.log,archive\2026-09-15_cleanup\probe_logs\_FULL_truebsp.log,7169
reports\_TRUE_5YR.err,archive\2026-09-15_cleanup\probe_logs\_TRUE_5YR.err,0
reports\_TRUE_5YR.log,archive\2026-09-15_cleanup\probe_logs\_TRUE_5YR.log,7285
reports\_api\betting_tiles_attachment_id_2765_.json,archive\2026-09-15_cleanup\probe_logs\_api\betting_tiles_attachment_id_2765_.json,4173
reports\_api\betting_tiles_racecard_.json,archive\2026-09-15_cleanup\probe_logs\_api\betting_tiles_racecard_.json,4173
reports\_api\external_links_.json,archive\2026-09-15_cleanup\probe_logs\_api\external_links_.json,55
reports\_api\member_advertising_racecards_2026_09_15_punchestown_1340_placements_5B_5D_overlay_primary_placements_5B_5D_ove.json,archive\2026-09-15_cleanup\probe_logs\_api\member_advertising_racecards_2026_09_15_punchestown_1340_placements_5B_5D_overlay_primary_placements_5B_5D_ove.json,1117
reports\_api\onspace_analytics_tracking_page_view_.json,archive\2026-09-15_cleanup\probe_logs\_api\onspace_analytics_tracking_page_view_.json,35
reports\_api\onspace_media_assets_eyJfcmFpbHMiOnsibWVzc2FnZSI6Ild6RTBNakk1T0RFc01GMD0iLCJleHAiOm51bGwsInB1ciI6Im9uc3BhY2Vfb.json,archive\2026-09-15_cleanup\probe_logs\_api\onspace_media_assets_eyJfcmFpbHMiOnsibWVzc2FnZSI6Ild6RTBNakk1T0RFc01GMD0iLCJleHAiOm51bGwsInB1ciI6Im9uc3BhY2Vfb.json,91
reports\_api\onspace_media_assets_eyJfcmFpbHMiOnsibWVzc2FnZSI6Ild6RTBOalEyTmpnc01GMD0iLCJleHAiOm51bGwsInB1ciI6Im9uc3BhY2Vfb.json,archive\2026-09-15_cleanup\probe_logs\_api\onspace_media_assets_eyJfcmFpbHMiOnsibWVzc2FnZSI6Ild6RTBOalEyTmpnc01GMD0iLCJleHAiOm51bGwsInB1ciI6Im9uc3BhY2Vfb.json,84
reports\_api\onspace_media_assets_eyJfcmFpbHMiOnsibWVzc2FnZSI6Ild6RXdNakEzTURFc01GMD0iLCJleHAiOm51bGwsInB1ciI6Im9uc3BhY2Vfb.json,archive\2026-09-15_cleanup\probe_logs\_api\onspace_media_assets_eyJfcmFpbHMiOnsibWVzc2FnZSI6Ild6RXdNakEzTURFc01GMD0iLCJleHAiOm51bGwsInB1ciI6Im9uc3BhY2Vfb.json,85
reports\_api\onspace_media_assets_eyJfcmFpbHMiOnsibWVzc2FnZSI6Ild6VTRPRE1zTWwwPSIsImV4cCI6bnVsbCwicHVyIjoib25zcGFjZV9tZWRpY.json,archive\2026-09-15_cleanup\probe_logs\_api\onspace_media_assets_eyJfcmFpbHMiOnsibWVzc2FnZSI6Ild6VTRPRE1zTWwwPSIsImV4cCI6bnVsbCwicHVyIjoib25zcGFjZV9tZWRpY.json,85
reports\_api\onspace_media_assets_eyJfcmFpbHMiOnsibWVzc2FnZSI6Ild6YzFOek13T1N3d1hRPT0iLCJleHAiOm51bGwsInB1ciI6Im9uc3BhY2Vfb.json,archive\2026-09-15_cleanup\probe_logs\_api\onspace_media_assets_eyJfcmFpbHMiOnsibWVzc2FnZSI6Ild6YzFOek13T1N3d1hRPT0iLCJleHAiOm51bGwsInB1ciI6Im9uc3BhY2Vfb.json,84
reports\_api\onspace_media_assets_eyJfcmFpbHMiOnsibWVzc2FnZSI6Ild6YzFOek13TUN3d1hRPT0iLCJleHAiOm51bGwsInB1ciI6Im9uc3BhY2Vfb.json,archive\2026-09-15_cleanup\probe_logs\_api\onspace_media_assets_eyJfcmFpbHMiOnsibWVzc2FnZSI6Ild6YzFOek13TUN3d1hRPT0iLCJleHAiOm51bGwsInB1ciI6Im9uc3BhY2Vfb.json,85
reports\_api\onspace_media_assets_eyJfcmFpbHMiOnsibWVzc2FnZSI6Ild6YzFOek13TWl3d1hRPT0iLCJleHAiOm51bGwsInB1ciI6Im9uc3BhY2Vfb.json,archive\2026-09-15_cleanup\probe_logs\_api\onspace_media_assets_eyJfcmFpbHMiOnsibWVzc2FnZSI6Ild6YzFOek13TWl3d1hRPT0iLCJleHAiOm51bGwsInB1ciI6Im9uc3BhY2Vfb.json,91
reports\_api\onspace_media_assets_eyJfcmFpbHMiOnsibWVzc2FnZSI6Ild6YzFOek14Tml3d1hRPT0iLCJleHAiOm51bGwsInB1ciI6Im9uc3BhY2Vfb.json,archive\2026-09-15_cleanup\probe_logs\_api\onspace_media_assets_eyJfcmFpbHMiOnsibWVzc2FnZSI6Ild6YzFOek14Tml3d1hRPT0iLCJleHAiOm51bGwsInB1ciI6Im9uc3BhY2Vfb.json,91
reports\_api\onspace_media_assets_eyJfcmFpbHMiOnsibWVzc2FnZSI6Ild6YzFOek14TUN3d1hRPT0iLCJleHAiOm51bGwsInB1ciI6Im9uc3BhY2Vfb.json,archive\2026-09-15_cleanup\probe_logs\_api\onspace_media_assets_eyJfcmFpbHMiOnsibWVzc2FnZSI6Ild6YzFOek14TUN3d1hRPT0iLCJleHAiOm51bGwsInB1ciI6Im9uc3BhY2Vfb.json,84
reports\_api\onspace_media_assets_eyJfcmFpbHMiOnsibWVzc2FnZSI6Ild6YzFOek15TWl3d1hRPT0iLCJleHAiOm51bGwsInB1ciI6Im9uc3BhY2Vfb.json,archive\2026-09-15_cleanup\probe_logs\_api\onspace_media_assets_eyJfcmFpbHMiOnsibWVzc2FnZSI6Ild6YzFOek15TWl3d1hRPT0iLCJleHAiOm51bGwsInB1ciI6Im9uc3BhY2Vfb.json,85
reports\_api\onspace_media_assets_eyJfcmFpbHMiOnsibWVzc2FnZSI6Ild6YzFOek15TXl3d1hRPT0iLCJleHAiOm51bGwsInB1ciI6Im9uc3BhY2Vfb.json,archive\2026-09-15_cleanup\probe_logs\_api\onspace_media_assets_eyJfcmFpbHMiOnsibWVzc2FnZSI6Ild6YzFOek15TXl3d1hRPT0iLCJleHAiOm51bGwsInB1ciI6Im9uc3BhY2Vfb.json,84
reports\_api\onspace_media_assets_eyJfcmFpbHMiOnsibWVzc2FnZSI6Ild6YzFOekk1Tml3d1hRPT0iLCJleHAiOm51bGwsInB1ciI6Im9uc3BhY2Vfb.json,archive\2026-09-15_cleanup\probe_logs\_api\onspace_media_assets_eyJfcmFpbHMiOnsibWVzc2FnZSI6Ild6YzFOekk1Tml3d1hRPT0iLCJleHAiOm51bGwsInB1ciI6Im9uc3BhY2Vfb.json,92
reports\_api\onspace_media_assets_eyJfcmFpbHMiOnsibWVzc2FnZSI6Ild6YzFOekk1TWl3d1hRPT0iLCJleHAiOm51bGwsInB1ciI6Im9uc3BhY2Vfb.json,archive\2026-09-15_cleanup\probe_logs\_api\onspace_media_assets_eyJfcmFpbHMiOnsibWVzc2FnZSI6Ild6YzFOekk1TWl3d1hRPT0iLCJleHAiOm51bGwsInB1ciI6Im9uc3BhY2Vfb.json,84
reports\_api\onspace_media_assets_eyJfcmFpbHMiOnsibWVzc2FnZSI6Ild6ZzVNemd6TkN3d1hRPT0iLCJleHAiOm51bGwsInB1ciI6Im9uc3BhY2Vfb.json,archive\2026-09-15_cleanup\probe_logs\_api\onspace_media_assets_eyJfcmFpbHMiOnsibWVzc2FnZSI6Ild6ZzVNemd6TkN3d1hRPT0iLCJleHAiOm51bGwsInB1ciI6Im9uc3BhY2Vfb.json,91
reports\_api\onspace_media_assets_preview_eyJfcmFpbHMiOnsibWVzc2FnZSI6Ild6RTBPVEl4TlRFc01GMD0iLCJleHAiOm51bGwsInB1ciI6Im9uc.json,archive\2026-09-15_cleanup\probe_logs\_api\onspace_media_assets_preview_eyJfcmFpbHMiOnsibWVzc2FnZSI6Ild6RTBPVEl4TlRFc01GMD0iLCJleHAiOm51bGwsInB1ciI6Im9uc.json,84
reports\_api\onspace_media_assets_preview_eyJfcmFpbHMiOnsibWVzc2FnZSI6Ild6RTBPVEl4TURrc01GMD0iLCJleHAiOm51bGwsInB1ciI6Im9uc.json,archive\2026-09-15_cleanup\probe_logs\_api\onspace_media_assets_preview_eyJfcmFpbHMiOnsibWVzc2FnZSI6Ild6RTBPVEl4TURrc01GMD0iLCJleHAiOm51bGwsInB1ciI6Im9uc.json,92
reports\_api\onspace_media_assets_preview_eyJfcmFpbHMiOnsibWVzc2FnZSI6Ild6RTBPVEU1TnpJc01GMD0iLCJleHAiOm51bGwsInB1ciI6Im9uc.json,archive\2026-09-15_cleanup\probe_logs\_api\onspace_media_assets_preview_eyJfcmFpbHMiOnsibWVzc2FnZSI6Ild6RTBPVEU1TnpJc01GMD0iLCJleHAiOm51bGwsInB1ciI6Im9uc.json,91
reports\_api\onspace_media_assets_preview_eyJfcmFpbHMiOnsibWVzc2FnZSI6Ild6RTBPVEU1TnpRc01GMD0iLCJleHAiOm51bGwsInB1ciI6Im9uc.json,archive\2026-09-15_cleanup\probe_logs\_api\onspace_media_assets_preview_eyJfcmFpbHMiOnsibWVzc2FnZSI6Ild6RTBPVEU1TnpRc01GMD0iLCJleHAiOm51bGwsInB1ciI6Im9uc.json,84
reports\_api\onspace_media_assets_preview_eyJfcmFpbHMiOnsibWVzc2FnZSI6Ild6RXdNakEzTURFc01GMD0iLCJleHAiOm51bGwsInB1ciI6Im9uc.json,archive\2026-09-15_cleanup\probe_logs\_api\onspace_media_assets_preview_eyJfcmFpbHMiOnsibWVzc2FnZSI6Ild6RXdNakEzTURFc01GMD0iLCJleHAiOm51bGwsInB1ciI6Im9uc.json,85
reports\_api\pages_path_2Fracecards_2F2026_09_15_2Fpunchestown_2F1340.json,archive\2026-09-15_cleanup\probe_logs\_api\pages_path_2Fracecards_2F2026_09_15_2Fpunchestown_2F1340.json,321
reports\_api\racing_horses_angels_have_wings_ireland_.json,archive\2026-09-15_cleanup\probe_logs\_api\racing_horses_angels_have_wings_ireland_.json,5352
reports\_api\racing_horses_beach_ireland_.json,archive\2026-09-15_cleanup\probe_logs\_api\racing_horses_beach_ireland_.json,4931
reports\_api\racing_horses_bex_noir_ireland_.json,archive\2026-09-15_cleanup\probe_logs\_api\racing_horses_bex_noir_ireland_.json,4459
reports\_api\racing_horses_cross_of_stars_ireland_.json,archive\2026-09-15_cleanup\probe_logs\_api\racing_horses_cross_of_stars_ireland_.json,1509
reports\_api\racing_horses_eagles_voice_ireland_.json,archive\2026-09-15_cleanup\probe_logs\_api\racing_horses_eagles_voice_ireland_.json,1564
reports\_api\racing_horses_ever_my_treasure_ireland_.json,archive\2026-09-15_cleanup\probe_logs\_api\racing_horses_ever_my_treasure_ireland_.json,4780
reports\_api\racing_horses_exceptionally_united_states_.json,archive\2026-09-15_cleanup\probe_logs\_api\racing_horses_exceptionally_united_states_.json,14490
reports\_api\racing_horses_harita_united_kingdom_.json,archive\2026-09-15_cleanup\probe_logs\_api\racing_horses_harita_united_kingdom_.json,1853
reports\_api\racing_horses_lusted_united_kingdom_.json,archive\2026-09-15_cleanup\probe_logs\_api\racing_horses_lusted_united_kingdom_.json,12676
reports\_api\racing_horses_mothers_call_ireland_.json,archive\2026-09-15_cleanup\probe_logs\_api\racing_horses_mothers_call_ireland_.json,4573
reports\_api\racing_horses_runningupthill_united_kingdom_.json,archive\2026-09-15_cleanup\probe_logs\_api\racing_horses_runningupthill_united_kingdom_.json,1567
reports\_api\racing_horses_silver_kiss_ireland_.json,archive\2026-09-15_cleanup\probe_logs\_api\racing_horses_silver_kiss_ireland_.json,10068
reports\_api\racing_horses_soldiers_charm_ireland_.json,archive\2026-09-15_cleanup\probe_logs\_api\racing_horses_soldiers_charm_ireland_.json,1516
reports\_api\racing_horses_the_good_wife_ireland_.json,archive\2026-09-15_cleanup\probe_logs\_api\racing_horses_the_good_wife_ireland_.json,4842
reports\_api\racing_horses_whytemontella_ireland_.json,archive\2026-09-15_cleanup\probe_logs\_api\racing_horses_whytemontella_ireland_.json,1835
reports\_api\racing_horses_wunderschon_germany_.json,archive\2026-09-15_cleanup\probe_logs\_api\racing_horses_wunderschon_germany_.json,7679
reports\_api\racing_iq_races_2026_09_15_punchestown_1340_pace_maps_.json,archive\2026-09-15_cleanup\probe_logs\_api\racing_iq_races_2026_09_15_punchestown_1340_pace_maps_.json,114
reports\_api\racing_iq_races_2026_09_15_punchestown_1340_prompts_.json,archive\2026-09-15_cleanup\probe_logs\_api\racing_iq_races_2026_09_15_punchestown_1340_prompts_.json,6039
reports\_api\racing_racecards_2026_09_15_punchestown_1340_.json,archive\2026-09-15_cleanup\probe_logs\_api\racing_racecards_2026_09_15_punchestown_1340_.json,43689
reports\_api\racing_racecards_2026_09_15_punchestown_1340_preview_.json,archive\2026-09-15_cleanup\probe_logs\_api\racing_racecards_2026_09_15_punchestown_1340_preview_.json,3482
reports\_api\racing_racecards_2026_09_15_punchestown_1340_tips_.json,archive\2026-09-15_cleanup\probe_logs\_api\racing_racecards_2026_09_15_punchestown_1340_tips_.json,6961
reports\_api\racing_runner_odds_runner_ids_8807876_runner_ids_8807877_runner_ids_8807878_runner_ids_8807879_runner_ids_8807.json,archive\2026-09-15_cleanup\probe_logs\_api\racing_runner_odds_runner_ids_8807876_runner_ids_8807877_runner_ids_8807878_runner_ids_8807879_runner_ids_8807.json,43475
reports\_api\racing_tracks_punchestown_.json,archive\2026-09-15_cleanup\probe_logs\_api\racing_tracks_punchestown_.json,11688
reports\_api\videos_streams_.json,archive\2026-09-15_cleanup\probe_logs\_api\videos_streams_.json,11539
reports\_api\_onspace_media_blobs_eyJfcmFpbHMiOnsibWVzc2FnZSI6IkJBaHBCQ1Q3clFRPSIsImV4cCI6bnVsbCwicHVyIjoiYmxvYl9pZCJ9fQ_79.json,archive\2026-09-15_cleanup\probe_logs\_api\_onspace_media_blobs_eyJfcmFpbHMiOnsibWVzc2FnZSI6IkJBaHBCQ1Q3clFRPSIsImV4cCI6bnVsbCwicHVyIjoiYmxvYl9pZCJ9fQ_79.json,44159
reports\_api\_onspace_media_blobs_eyJfcmFpbHMiOnsibWVzc2FnZSI6IkJBaHBCQkw3clFRPSIsImV4cCI6bnVsbCwicHVyIjoiYmxvYl9pZCJ9fQ_7c.json,archive\2026-09-15_cleanup\probe_logs\_api\_onspace_media_blobs_eyJfcmFpbHMiOnsibWVzc2FnZSI6IkJBaHBCQkw3clFRPSIsImV4cCI6bnVsbCwicHVyIjoiYmxvYl9pZCJ9fQ_7c.json,43116
reports\_api\_onspace_media_blobs_eyJfcmFpbHMiOnsibWVzc2FnZSI6IkJBaHBCQnY3clFRPSIsImV4cCI6bnVsbCwicHVyIjoiYmxvYl9pZCJ9fQ_ab.json,archive\2026-09-15_cleanup\probe_logs\_api\_onspace_media_blobs_eyJfcmFpbHMiOnsibWVzc2FnZSI6IkJBaHBCQnY3clFRPSIsImV4cCI6bnVsbCwicHVyIjoiYmxvYl9pZCJ9fQ_ab.json,41780
reports\_api\_onspace_media_blobs_eyJfcmFpbHMiOnsibWVzc2FnZSI6IkJBaHBCQWo3clFRPSIsImV4cCI6bnVsbCwicHVyIjoiYmxvYl9pZCJ9fQ_62.json,archive\2026-09-15_cleanup\probe_logs\_api\_onspace_media_blobs_eyJfcmFpbHMiOnsibWVzc2FnZSI6IkJBaHBCQWo3clFRPSIsImV4cCI6bnVsbCwicHVyIjoiYmxvYl9pZCJ9fQ_62.json,44736
reports\_api\_onspace_media_blobs_eyJfcmFpbHMiOnsibWVzc2FnZSI6IkJBaHBCREQ3clFRPSIsImV4cCI6bnVsbCwicHVyIjoiYmxvYl9pZCJ9fQ_55.json,archive\2026-09-15_cleanup\probe_logs\_api\_onspace_media_blobs_eyJfcmFpbHMiOnsibWVzc2FnZSI6IkJBaHBCREQ3clFRPSIsImV4cCI6bnVsbCwicHVyIjoiYmxvYl9pZCJ9fQ_55.json,44991
reports\_api\_onspace_media_blobs_eyJfcmFpbHMiOnsibWVzc2FnZSI6IkJBaHBCRG43clFRPSIsImV4cCI6bnVsbCwicHVyIjoiYmxvYl9pZCJ9fQ_b9.json,archive\2026-09-15_cleanup\probe_logs\_api\_onspace_media_blobs_eyJfcmFpbHMiOnsibWVzc2FnZSI6IkJBaHBCRG43clFRPSIsImV4cCI6bnVsbCwicHVyIjoiYmxvYl9pZCJ9fQ_b9.json,42410
reports\_api\_onspace_media_blobs_eyJfcmFpbHMiOnsibWVzc2FnZSI6IkJBaHBCRUg3clFRPSIsImV4cCI6bnVsbCwicHVyIjoiYmxvYl9pZCJ9fQ_f4.json,archive\2026-09-15_cleanup\probe_logs\_api\_onspace_media_blobs_eyJfcmFpbHMiOnsibWVzc2FnZSI6IkJBaHBCRUg3clFRPSIsImV4cCI6bnVsbCwicHVyIjoiYmxvYl9pZCJ9fQ_f4.json,45207
reports\_api\_onspace_media_blobs_eyJfcmFpbHMiOnsibWVzc2FnZSI6IkJBaHBCRXY3clFRPSIsImV4cCI6bnVsbCwicHVyIjoiYmxvYl9pZCJ9fQ_8c.json,archive\2026-09-15_cleanup\probe_logs\_api\_onspace_media_blobs_eyJfcmFpbHMiOnsibWVzc2FnZSI6IkJBaHBCRXY3clFRPSIsImV4cCI6bnVsbCwicHVyIjoiYmxvYl9pZCJ9fQ_8c.json,45011
reports\_api\_onspace_media_blobs_eyJfcmFpbHMiOnsibWVzc2FnZSI6IkJBaHBCS2Y2clFRPSIsImV4cCI6bnVsbCwicHVyIjoiYmxvYl9pZCJ9fQ_48.json,archive\2026-09-15_cleanup\probe_logs\_api\_onspace_media_blobs_eyJfcmFpbHMiOnsibWVzc2FnZSI6IkJBaHBCS2Y2clFRPSIsImV4cCI6bnVsbCwicHVyIjoiYmxvYl9pZCJ9fQ_48.json,41566
reports\_api\_onspace_media_blobs_eyJfcmFpbHMiOnsibWVzc2FnZSI6IkJBaHBCT2I2clFRPSIsImV4cCI6bnVsbCwicHVyIjoiYmxvYl9pZCJ9fQ_d6.json,archive\2026-09-15_cleanup\probe_logs\_api\_onspace_media_blobs_eyJfcmFpbHMiOnsibWVzc2FnZSI6IkJBaHBCT2I2clFRPSIsImV4cCI6bnVsbCwicHVyIjoiYmxvYl9pZCJ9fQ_d6.json,46639
reports\_api\_onspace_media_blobs_eyJfcmFpbHMiOnsibWVzc2FnZSI6IkJBaHBCTEw2clFRPSIsImV4cCI6bnVsbCwicHVyIjoiYmxvYl9pZCJ9fQ_38.json,archive\2026-09-15_cleanup\probe_logs\_api\_onspace_media_blobs_eyJfcmFpbHMiOnsibWVzc2FnZSI6IkJBaHBCTEw2clFRPSIsImV4cCI6bnVsbCwicHVyIjoiYmxvYl9pZCJ9fQ_38.json,41566
reports\_api\_onspace_media_blobs_eyJfcmFpbHMiOnsibWVzc2FnZSI6IkJBaHBCTno2clFRPSIsImV4cCI6bnVsbCwicHVyIjoiYmxvYl9pZCJ9fQ_6c.json,archive\2026-09-15_cleanup\probe_logs\_api\_onspace_media_blobs_eyJfcmFpbHMiOnsibWVzc2FnZSI6IkJBaHBCTno2clFRPSIsImV4cCI6bnVsbCwicHVyIjoiYmxvYl9pZCJ9fQ_6c.json,44875
reports\_api\_onspace_media_blobs_eyJfcmFpbHMiOnsibWVzc2FnZSI6IkJBaHBCTW42clFRPSIsImV4cCI6bnVsbCwicHVyIjoiYmxvYl9pZCJ9fQ_01.json,archive\2026-09-15_cleanup\probe_logs\_api\_onspace_media_blobs_eyJfcmFpbHMiOnsibWVzc2FnZSI6IkJBaHBCTW42clFRPSIsImV4cCI6bnVsbCwicHVyIjoiYmxvYl9pZCJ9fQ_01.json,44159
reports\_api\_onspace_media_blobs_eyJfcmFpbHMiOnsibWVzc2FnZSI6IkJBaHBCTzc2clFRPSIsImV4cCI6bnVsbCwicHVyIjoiYmxvYl9pZCJ9fQ_df.json,archive\2026-09-15_cleanup\probe_logs\_api\_onspace_media_blobs_eyJfcmFpbHMiOnsibWVzc2FnZSI6IkJBaHBCTzc2clFRPSIsImV4cCI6bnVsbCwicHVyIjoiYmxvYl9pZCJ9fQ_df.json,41566
reports\_api\_onspace_media_blobs_eyJfcmFpbHMiOnsibWVzc2FnZSI6IkJBaHBCUC82clFRPSIsImV4cCI6bnVsbCwicHVyIjoiYmxvYl9pZCJ9fQ_9e.json,archive\2026-09-15_cleanup\probe_logs\_api\_onspace_media_blobs_eyJfcmFpbHMiOnsibWVzc2FnZSI6IkJBaHBCUC82clFRPSIsImV4cCI6bnVsbCwicHVyIjoiYmxvYl9pZCJ9fQ_9e.json,42020
reports\_api\_onspace_media_blobs_eyJfcmFpbHMiOnsibWVzc2FnZSI6IkJBaHBCUGI2clFRPSIsImV4cCI6bnVsbCwicHVyIjoiYmxvYl9pZCJ9fQ_77.json,archive\2026-09-15_cleanup\probe_logs\_api\_onspace_media_blobs_eyJfcmFpbHMiOnsibWVzc2FnZSI6IkJBaHBCUGI2clFRPSIsImV4cCI6bnVsbCwicHVyIjoiYmxvYl9pZCJ9fQ_77.json,42265
reports\_api\_racing_tips_tracked_horse_videos_2026_09_15_.json,archive\2026-09-15_cleanup\probe_logs\_api\_racing_tips_tracked_horse_videos_2026_09_15_.json,49
reports\_api\_settings_.json,archive\2026-09-15_cleanup\probe_logs\_api\_settings_.json,2759
reports\_api2\fetch_TODAY.json,archive\2026-09-15_cleanup\probe_logs\_api2\fetch_TODAY.json,125
reports\_api2\fetch_TOMORROW.json,archive\2026-09-15_cleanup\probe_logs\_api2\fetch_TOMORROW.json,125
reports\_api3\list_today.json,archive\2026-09-15_cleanup\probe_logs\_api3\list_today.json,28983
reports\_api3\list_tomorrow.json,archive\2026-09-15_cleanup\probe_logs\_api3\list_tomorrow.json,34689
reports\_api3\race_today.json,archive\2026-09-15_cleanup\probe_logs\_api3\race_today.json,43689
reports\_api3\race_tomorrow.json,archive\2026-09-15_cleanup\probe_logs\_api3\race_tomorrow.json,32308
reports\_api4\list_0916.json,archive\2026-09-15_cleanup\probe_logs\_api4\list_0916.json,34689
reports\_api4\odds_batch_all.json,archive\2026-09-15_cleanup\probe_logs\_api4\odds_batch_all.json,43478
reports\_api4\race_beverley_1408.json,archive\2026-09-15_cleanup\probe_logs\_api4\race_beverley_1408.json,32308
reports\_api4\race_pun_1340.json,archive\2026-09-15_cleanup\probe_logs\_api4\race_pun_1340.json,43689
reports\_api4\race_sandown-park_1345.json,archive\2026-09-15_cleanup\probe_logs\_api4\race_sandown-park_1345.json,31664
reports\_api4\race_yarmouth_1356.json,archive\2026-09-15_cleanup\probe_logs\_api4\race_yarmouth_1356.json,31215
data\excel_raw\aug2026.xlsx,archive\2026-09-15_cleanup\data_generated\excel_raw\aug2026.xlsx,1133553
data\excel_raw\july2026.xlsx,archive\2026-09-15_cleanup\data_generated\excel_raw\july2026.xlsx,2835186
data\excel_raw\june2026.xlsx,archive\2026-09-15_cleanup\data_generated\excel_raw\june2026.xlsx,2800928
data\excel_raw\may2026.xlsx,archive\2026-09-15_cleanup\data_generated\excel_raw\may2026.xlsx,3182998
archive,archive\2026-09-15_cleanup\launchers\archive,0
archive\run_5year_audit.bat,archive\2026-09-15_cleanup\launchers\archive\run_5year_audit.bat,684
archive\run_auto_daily_pipeline.bat,archive\2026-09-15_cleanup\launchers\archive\run_auto_daily_pipeline.bat,764
archive\run_custom_date_scanner.bat,archive\2026-09-15_cleanup\launchers\archive\run_custom_date_scanner.bat,999
archive\run_daily_update.bat,archive\2026-09-15_cleanup\launchers\archive\run_daily_update.bat,801
archive\run_database_comparison.bat,archive\2026-09-15_cleanup\launchers\archive\run_database_comparison.bat,846
archive\run_scraper_custom_dates.bat,archive\2026-09-15_cleanup\launchers\archive\run_scraper_custom_dates.bat,1242
archive\RUN_TODAYS_LIVE_SCANNER.bat,archive\2026-09-15_cleanup\launchers\archive\RUN_TODAYS_LIVE_SCANNER.bat,728
archive\run_today_scanner.bat,archive\2026-09-15_cleanup\launchers\archive\run_today_scanner.bat,755
archive\run_tomorrow_scanner.bat,archive\2026-09-15_cleanup\launchers\archive\run_tomorrow_scanner.bat,772
archive\setup_daily_schedule.bat,archive\2026-09-15_cleanup\launchers\archive\setup_daily_schedule.bat,1318
